content,Field Name
art,2004-05-18
art,2005-05-24
art,2005-07-22
photo,2004-04-10
photo,2004-11-07
photo,2005-09-10
art,2003-01-22
photo,2005-12-06
photo,2004-03-06
art,2004-10-17
photo,2005-10-15
photo,2003-01-13
photo,2004-01-16
art,2004-08-26
art,2003-03-01
photo,2005-12-08
photo,2005-05-04
photo,2003-02-06
photo,2004-01-28
photo,2003-05-14
art,2003-07-18
art,2004-09-12
art,2004-11-29
art,2004-07-07
photo,2004-12-28
photo,2005-11-18
photo,2003-02-17
photo,2003-12-29
photo,2004-10-02
photo,2004-04-30
photo,2004-12-01
photo,2005-08-03
photo,2003-12-08
art,2005-03-12
photo,2004-10-09
photo,2005-01-23
photo,2003-07-16
photo,2004-09-07
art,2004-09-04
photo,2003-01-25
art,2004-10-28
art,2004-03-14
art,2005-08-10
art,2003-02-21
art,2003-11-11
photo,2005-07-27
art,2003-08-16
photo,2003-04-20
photo,2005-08-11
art,2003-11-04
photo,2003-02-28
photo,2003-02-11
photo,2003-10-02
art,2005-02-10
photo,2004-07-28
photo,2003-07-27
photo,2005-05-19
art,2005-07-03
art,2005-11-30
photo,2004-07-19
photo,2005-08-07
photo,2004-11-21
photo,2003-05-14
photo,2005-08-18
art,2003-08-29
photo,2004-07-08
art,2005-08-26
art,2003-10-27
photo,2004-03-19
art,2004-01-02
photo,2003-11-10
photo,2005-11-12
photo,2003-07-17
art,2005-03-10
photo,2003-07-23
photo,2005-02-21
photo,2003-11-25
art,2005-05-01
art,2005-10-11
photo,2004-11-28
photo,2004-03-02
photo,2005-05-08
photo,2003-06-22
art,2003-03-25
art,2004-06-19
photo,2004-12-24
art,2004-09-04
photo,2004-05-16
art,2004-05-11
art,2003-05-16
photo,2003-01-27
photo,2003-12-12
photo,2005-03-06
art,2003-03-29
art,2003-03-05
photo,2004-10-25
art,2003-03-08
photo,2005-06-10
art,2003-01-25
photo,2004-09-29
photo,2003-03-26
photo,2004-07-05
photo,2004-08-22
photo,2003-08-14
photo,2004-02-29
photo,2004-10-20
art,2005-11-24
art,2005-12-20
photo,2003-11-14
art,2003-04-16
art,2003-09-22
photo,2004-08-17
art,2004-01-20
art,2005-08-11
photo,2004-05-13
art,2003-10-23
art,2003-10-01
photo,2003-12-27
art,2003-07-06
art,2004-07-04
photo,2005-01-11
art,2004-10-11
art,2003-12-21
photo,2004-03-08
photo,2003-12-04
photo,2005-04-10
art,2004-12-02
art,2005-05-30
art,2003-07-01
photo,2005-01-11
photo,2005-02-15
art,2003-12-29
art,2003-09-13
photo,2005-08-09
art,2003-12-09
art,2005-08-12
art,2005-11-05
photo,2005-09-11
art,2004-05-28
art,2005-12-03
art,2005-10-19
photo,2004-12-27
photo,2004-01-22
photo,2004-10-04
art,2005-03-30
art,2005-11-13
photo,2003-04-01
photo,2005-10-12
art,2004-07-03
art,2005-07-19
photo,2004-12-23
art,2003-09-24
photo,2005-04-16
art,2003-05-25
art,2004-02-21
art,2004-06-09
photo,2005-01-08
photo,2005-10-11
photo,2004-01-05
photo,2005-11-21
art,2004-03-06
art,2005-12-21
photo,2005-04-20
photo,2003-04-20
photo,2004-09-02
photo,2003-12-29
art,2004-12-05
photo,2004-07-19
photo,2005-05-10
photo,2005-03-27
photo,2004-10-07
photo,2003-07-12
art,2003-09-25
photo,2003-07-30
photo,2005-07-25
photo,2005-01-25
art,2003-04-07
art,2004-09-13
photo,2004-06-01
art,2004-09-29
photo,2005-05-21
art,2003-10-05
photo,2003-12-12
photo,2005-05-05
photo,2004-07-05
photo,2005-05-18
art,2005-03-15
art,2005-10-04
photo,2004-05-21
photo,2003-05-25
photo,2003-08-09
art,2003-03-03
photo,2005-05-06
art,2005-12-09
art,2004-12-30
photo,2004-02-21
art,2003-03-09
art,2005-06-20
photo,2003-12-16
photo,2005-06-23
photo,2003-12-27
art,2004-10-10
photo,2003-11-06
photo,2005-11-27
photo,2003-02-10
photo,2005-02-24
art,2003-08-21
art,2003-11-17
art,2003-07-18
photo,2004-03-14
art,2003-06-09
photo,2003-02-04
photo,2003-02-16
photo,2005-02-11
art,2003-07-28
art,2005-09-11
photo,2004-08-21
photo,2004-08-28
photo,2004-12-05
photo,2005-08-19
photo,2004-05-12
art,2005-05-31
art,2004-09-15
photo,2005-06-20
art,2004-11-29
photo,2004-09-13
art,2005-07-11
photo,2004-05-01
photo,2005-08-23
photo,2003-09-15
art,2003-02-21
art,2005-08-21
photo,2004-05-01
photo,2005-02-08
art,2003-01-12
photo,2005-09-27
photo,2004-06-09
art,2004-07-26
art,2004-07-22
art,2003-08-23
art,2005-11-07
art,2004-04-21
photo,2003-07-24
photo,2003-12-09
photo,2004-09-17
photo,2003-10-11
art,2004-09-14
photo,2005-05-13
art,2004-07-07
art,2003-12-28
art,2004-12-29
photo,2004-03-23
art,2004-07-16
photo,2003-06-01
photo,2005-08-06
photo,2003-03-20
photo,2005-04-14
art,2005-11-10
photo,2004-04-15
photo,2004-11-21
art,2005-05-02
photo,2003-04-12
art,2005-03-27
art,2003-04-07
photo,2003-04-18
art,2003-04-22
art,2004-11-10
art,2003-11-28
art,2004-02-18
art,2003-05-10
art,2005-03-21
photo,2004-12-07
art,2003-08-06
art,2004-10-19
art,2004-01-14
photo,2004-01-23
art,2004-01-12
art,2005-03-01
art,2004-03-10
photo,2003-07-10
art,2003-09-24
art,2003-07-02
art,2004-12-26
photo,2004-07-02
art,2004-12-07
art,2005-05-17
art,2004-10-01
art,2005-12-21
photo,2004-12-12
art,2003-01-22
art,2005-03-20
art,2005-05-20
photo,2005-04-18
art,2003-09-19
photo,2003-07-29
photo,2003-07-23
photo,2003-03-24
photo,2004-05-22
photo,2003-03-23
photo,2003-07-15
photo,2003-07-31
art,2004-05-22
photo,2003-07-07
photo,2003-08-25
art,2003-05-19
art,2005-01-25
photo,2004-01-29
art,2004-09-30
art,2005-10-19
photo,2003-03-10
photo,2003-07-29
art,2004-04-18
art,2004-06-30
art,2003-07-16
art,2005-11-07
photo,2003-12-20
art,2004-04-20
art,2003-01-25
art,2003-12-10
photo,2003-11-25
art,2003-08-04
art,2005-06-11
photo,2004-05-01
photo,2005-02-14
art,2005-10-26
photo,2005-10-10
art,2003-02-03
art,2005-07-24
photo,2005-07-21
art,2003-07-24
photo,2005-04-12
art,2004-01-22
art,2003-09-29
art,2004-09-09
art,2003-04-30
photo,2004-02-28
art,2005-01-30
art,2005-11-20
art,2004-11-13
photo,2003-08-15
art,2005-10-04
art,2003-06-15
art,2005-11-28
photo,2005-11-15
art,2004-11-01
art,2005-09-30
art,2005-10-20
photo,2003-11-12
photo,2005-09-16
photo,2004-04-11
photo,2005-09-23
photo,2003-10-03
photo,2004-07-14
photo,2004-09-01
photo,2003-06-07
art,2003-12-26
art,2004-06-19
art,2004-03-02
art,2003-10-22
photo,2003-04-27
photo,2004-04-04
photo,2003-06-03
photo,2003-04-08
photo,2003-03-15
photo,2005-08-05
art,2005-02-18
photo,2005-09-28
art,2003-11-10
photo,2004-06-18
art,2005-06-19
photo,2005-09-08
photo,2003-01-17
photo,2003-11-04
art,2005-02-05
photo,2005-10-19
photo,2003-05-02
art,2005-03-13
art,2004-01-25
art,2003-12-08
art,2005-01-12
art,2003-06-22
photo,2004-06-08
photo,2004-12-28
art,2004-07-29
photo,2003-07-02
photo,2004-12-16
art,2005-10-11
art,2003-12-12
photo,2003-09-27
photo,2004-11-03
photo,2005-11-17
photo,2005-02-28
photo,2005-03-29
photo,2004-07-27
photo,2005-10-09
art,2004-03-19
photo,2004-10-27
photo,2004-02-13
art,2004-04-27
photo,2004-10-05
art,2004-06-24
art,2005-02-04
photo,2003-02-03
art,2005-08-11
photo,2004-03-10
art,2003-10-07
art,2003-09-25
photo,2005-01-15
photo,2005-10-29
photo,2003-03-01
photo,2004-01-11
art,2003-06-29
art,2003-10-27
art,2005-10-31
photo,2004-07-10
photo,2005-02-15
photo,2005-03-15
art,2005-10-13
art,2003-02-13
photo,2005-01-03
art,2004-11-14
art,2003-12-05
photo,2004-01-09
photo,2005-04-03
photo,2005-04-07
art,2005-11-22
art,2004-04-06
photo,2004-10-29
art,2005-11-27
photo,2005-08-24
photo,2003-07-17
art,2003-12-19
photo,2003-11-29
art,2004-04-21
art,2003-12-23
art,2004-06-30
art,2005-04-14
art,2005-03-04
photo,2004-11-12
photo,2005-06-16
art,2005-10-07
photo,2004-04-01
art,2005-10-14
art,2005-10-09
photo,2004-10-08
photo,2003-04-02
art,2003-02-25
photo,2004-04-06
photo,2003-12-01
art,2004-07-27
art,2005-10-29
art,2005-02-28
photo,2004-04-13
photo,2004-06-16
art,2004-02-02
art,2005-09-14
photo,2003-10-03
photo,2003-06-04
photo,2005-11-17
photo,2005-06-17
art,2005-02-15
photo,2003-03-27
art,2004-11-30
photo,2003-08-10
art,2004-11-07
photo,2003-06-08
photo,2004-01-05
photo,2005-10-31
art,2005-02-06
photo,2005-06-16
photo,2003-09-16
art,2005-11-15
art,2004-10-01
art,2003-01-31
photo,2005-02-24
art,2003-08-28
photo,2004-03-06
art,2003-08-21
art,2005-06-01
photo,2004-05-10
art,2004-01-24
photo,2003-02-15
photo,2005-03-23
photo,2004-06-06
photo,2005-12-07
art,2005-11-07
photo,2004-02-21
photo,2003-09-08
photo,2004-07-14
art,2004-10-08
art,2005-09-11
photo,2003-12-15
photo,2004-09-15
art,2004-04-05
photo,2004-04-12
photo,2005-08-08
art,2003-09-09
photo,2003-04-23
art,2003-07-02
art,2005-04-26
art,2005-09-25
art,2004-12-14
art,2005-08-05
photo,2004-03-25
photo,2005-05-21
photo,2004-09-01
photo,2004-06-05
art,2003-09-29
photo,2004-02-07
photo,2005-07-20
art,2005-06-21
art,2003-06-04
art,2005-04-27
photo,2005-06-05
photo,2004-03-29
photo,2005-01-27
art,2005-01-16
photo,2003-01-07
photo,2005-07-29
art,2003-07-14
art,2003-03-20
photo,2003-09-27
art,2005-08-25
art,2003-06-10
photo,2003-08-17
photo,2003-10-06
photo,2004-05-11
photo,2005-10-22
art,2005-04-02
photo,2004-09-12
art,2005-06-30
art,2003-07-13
art,2003-02-18
art,2004-02-12
art,2003-03-23
photo,2005-02-05
photo,2004-04-20
art,2005-10-14
art,2005-03-23
art,2005-08-03
art,2003-03-02
photo,2004-01-29
photo,2004-08-01
art,2003-12-10
art,2004-07-03
photo,2003-08-25
art,2004-09-07
photo,2005-04-26
photo,2005-06-23
art,2005-07-22
art,2004-10-10
photo,2005-02-06
photo,2004-09-03
art,2003-09-27
photo,2004-06-06
photo,2005-08-21
photo,2003-12-02
art,2004-10-09
art,2004-03-22
art,2005-02-10
photo,2004-07-17
art,2005-05-03
art,2004-12-11
photo,2003-06-26
art,2003-07-21
art,2003-03-28
art,2003-09-11
art,2003-02-27
art,2003-08-14
art,2005-09-19
photo,2005-02-25
photo,2005-08-06
photo,2005-06-15
art,2004-08-28
photo,2004-06-16
photo,2003-04-13
art,2004-01-25
photo,2003-11-18
photo,2005-07-05
photo,2003-06-12
photo,2003-11-20
photo,2004-10-19
art,2005-05-27
art,2004-03-03
art,2005-10-26
art,2003-03-05
art,2003-05-27
art,2003-05-26
art,2005-12-27
art,2003-09-05
photo,2003-07-25
photo,2004-07-26
photo,2005-06-09
art,2003-03-02
photo,2004-11-17
photo,2003-04-22
art,2005-08-24
photo,2003-08-07
art,2005-11-14
photo,2003-03-05
art,2004-02-16
photo,2005-07-31
photo,2003-03-22
art,2003-01-20
art,2004-03-13
photo,2004-06-26
art,2003-09-22
art,2005-01-02
photo,2003-08-31
photo,2004-10-28
art,2005-09-25
art,2004-02-14
art,2005-06-03
photo,2004-06-24
art,2003-03-12
photo,2005-05-04
photo,2005-01-03
art,2005-06-29
photo,2004-02-25
art,2004-10-07
art,2005-10-11
art,2005-07-12
art,2003-12-07
photo,2004-07-31
photo,2004-11-04
art,2004-10-19
photo,2005-11-15
photo,2004-07-13
art,2003-02-11
art,2004-05-31
photo,2004-08-16
photo,2005-02-12
photo,2004-07-28
photo,2004-04-20
photo,2004-02-13
photo,2003-07-23
art,2003-06-27
art,2004-08-02
art,2005-08-16
art,2005-05-11
art,2005-10-14
art,2004-06-21
art,2004-07-03
art,2004-12-14
art,2003-10-01
photo,2003-03-21
photo,2005-09-14
art,2005-04-16
art,2005-07-01
photo,2005-07-30
art,2004-07-27
photo,2005-01-20
art,2005-06-05
photo,2003-09-23
art,2004-05-16
art,2005-02-05
photo,2004-09-12
photo,2005-09-12
photo,2005-11-07
photo,2005-01-14
art,2005-01-13
art,2004-10-31
photo,2004-02-11
photo,2005-06-05
photo,2004-09-01
art,2005-09-18
photo,2003-12-28
photo,2005-10-10
photo,2004-07-21
photo,2005-08-21
photo,2004-07-24
art,2005-03-26
photo,2005-07-21
photo,2003-12-22
photo,2005-09-25
art,2004-09-05
art,2003-02-14
art,2005-12-01
art,2003-03-10
art,2003-11-30
photo,2003-06-06
art,2004-06-05
photo,2005-03-31
art,2005-08-11
art,2004-08-25
art,2003-06-02
art,2005-04-13
photo,2004-07-01
photo,2005-03-12
art,2004-10-09
photo,2003-11-16
photo,2005-02-04
art,2005-08-28
art,2003-05-11
art,2005-01-17
art,2003-12-19
art,2003-04-16
photo,2003-05-05
photo,2003-09-20
photo,2005-01-31
photo,2004-01-29
photo,2005-10-06
photo,2003-04-08
photo,2004-02-19
art,2004-01-13
photo,2005-04-14
art,2003-10-22
art,2003-10-02
photo,2003-06-18
art,2005-11-12
photo,2003-09-29
art,2005-11-13
photo,2003-12-17
photo,2003-10-24
photo,2005-03-25
photo,2005-04-06
photo,2004-08-26
photo,2005-07-30
photo,2005-12-19
photo,2005-01-19
photo,2004-06-07
photo,2003-12-11
art,2004-07-22
photo,2003-07-24
photo,2005-08-05
art,2005-04-18
art,2005-12-19
art,2003-04-20
photo,2003-07-26
photo,2004-01-29
photo,2003-03-10
photo,2003-08-28
photo,2004-06-11
art,2005-07-12
photo,2003-11-22
photo,2005-10-29
photo,2004-03-20
photo,2005-04-16
art,2004-11-14
art,2003-12-24
photo,2005-03-07
photo,2005-09-19
art,2005-02-16
photo,2004-03-06
art,2003-11-23
photo,2003-10-24
photo,2003-09-09
photo,2004-07-27
photo,2004-07-24
photo,2005-10-01
photo,2005-01-01
photo,2005-12-14
photo,2003-05-27
art,2003-04-27
photo,2004-01-03
art,2005-01-26
photo,2003-02-03
photo,2005-07-21
photo,2004-10-05
art,2003-06-06
photo,2005-05-31
art,2005-01-25
art,2004-09-05
art,2004-08-19
photo,2005-03-07
photo,2003-06-15
art,2005-03-08
art,2005-03-27
art,2003-06-12
photo,2004-09-13
photo,2005-01-22
photo,2003-04-26
art,2003-04-24
art,2004-11-07
art,2003-08-18
art,2003-02-18
photo,2004-06-08
art,2005-10-27
art,2004-02-04
art,2004-01-15
photo,2004-10-31
photo,2004-08-14
photo,2003-06-22
art,2005-04-15
photo,2005-03-10
art,2004-04-20
art,2003-10-09
photo,2003-04-25
photo,2005-07-09
art,2003-02-08
art,2005-12-31
photo,2005-05-27
photo,2004-05-16
art,2005-11-20
art,2004-05-04
photo,2003-07-18
art,2003-10-09
art,2004-10-11
photo,2005-12-07
photo,2004-08-23
photo,2003-12-17
photo,2005-09-09
photo,2005-11-25
photo,2004-07-15
art,2005-11-12
art,2003-11-28
art,2003-06-06
photo,2004-03-12
art,2004-12-18
art,2005-10-30
photo,2005-04-14
art,2005-02-08
photo,2003-07-20
photo,2004-08-31
photo,2005-04-04
art,2005-09-26
photo,2004-12-06
art,2003-08-03
art,2004-06-27
art,2003-09-10
art,2003-05-10
art,2003-03-09
art,2004-11-04
photo,2005-11-21
photo,2005-03-26
art,2004-01-30
photo,2005-01-01
art,2004-12-12
art,2003-01-22
art,2003-01-20
art,2005-06-21
photo,2003-10-01
photo,2004-05-10
art,2003-01-18
photo,2005-04-07
photo,2003-10-14
photo,2004-09-02
art,2005-07-02
photo,2003-06-14
art,2003-01-27
art,2005-11-01
art,2005-08-23
art,2003-05-25
photo,2004-01-29
art,2004-04-10
art,2003-02-26
photo,2005-06-24
art,2004-02-07
art,2005-01-10
photo,2004-04-07
photo,2005-06-27
photo,2005-02-11
art,2005-07-13
photo,2003-09-30
photo,2005-06-14
photo,2004-05-29
art,2005-07-16
art,2004-09-29
art,2004-04-23
photo,2003-02-02
photo,2003-07-29
art,2004-06-18
art,2004-08-12
art,2005-01-22
art,2005-12-03
photo,2005-12-28
photo,2003-09-08
photo,2005-01-26
photo,2003-10-01
photo,2003-11-19
photo,2003-11-28
art,2003-12-22
photo,2003-07-05
art,2004-05-16
photo,2004-10-09
art,2004-01-26
photo,2004-04-08
photo,2005-03-03
art,2004-09-30
art,2003-12-03
art,2005-04-22
art,2004-07-12
photo,2004-10-20
art,2003-07-15
art,2005-07-22
photo,2003-03-29
art,2004-10-19
photo,2004-03-21
photo,2004-05-23
photo,2005-06-03
photo,2004-05-13
photo,2004-11-26
photo,2004-09-01
photo,2003-05-24
art,2003-03-21
photo,2004-12-01
photo,2003-06-24
photo,2004-06-04
art,2005-08-11
photo,2003-12-11
art,2004-07-20
photo,2004-08-20
photo,2004-12-14
art,2004-10-11
art,2005-08-18
art,2004-09-15
art,2005-04-16
photo,2003-02-06
art,2005-03-23
photo,2004-07-14
photo,2005-05-25
art,2005-09-20
photo,2003-11-01
photo,2003-06-13
art,2004-03-17
art,2003-12-24
photo,2003-05-07
art,2003-07-25
photo,2004-12-01
photo,2004-02-18
art,2003-09-27
photo,2005-07-02
art,2003-02-04
photo,2004-03-26
photo,2005-09-16
photo,2004-11-13
art,2003-07-05
photo,2003-10-14
photo,2004-12-02
art,2003-07-01
art,2004-10-07
photo,2003-02-23
art,2003-03-10
photo,2005-07-11
art,2005-01-14
photo,2005-07-07
photo,2004-09-20
photo,2005-05-02
photo,2005-03-10
art,2005-01-31
art,2005-08-15
art,2003-06-14
art,2003-09-08
art,2005-08-07
photo,2005-12-15
photo,2005-09-24
art,2004-03-27
art,2004-02-06
art,2004-03-11
art,2004-06-12
photo,2003-12-20
photo,2004-06-15
art,2003-10-17
art,2004-01-19
photo,2004-06-05
art,2004-11-05
photo,2005-03-16
photo,2004-05-12
art,2005-08-12
photo,2003-05-30
photo,2004-07-15
art,2004-05-27
art,2004-02-01
art,2005-12-04
art,2005-11-23
photo,2004-01-03
art,2003-08-12
photo,2004-12-09
photo,2005-02-06
art,2003-03-25
photo,2004-03-31
art,2003-03-15
art,2003-12-20
art,2004-02-12
art,2003-06-19
art,2003-12-29
photo,2003-06-15
art,2005-07-01
art,2005-12-20
art,2004-01-19
photo,2005-09-30
art,2005-07-19
photo,2004-03-08
photo,2005-11-30
art,2005-02-17
art,2003-05-05
photo,2004-05-16
photo,2003-01-05
art,2004-11-08
art,2004-12-09
art,2004-03-05
art,2005-02-06
art,2005-04-29
art,2003-03-18
art,2004-04-20
art,2003-04-03
photo,2003-08-10
art,2005-05-22
art,2004-03-20
art,2003-10-02